{
    "__comment": "TheVoid1313's AD Reforged - by kyctarniq",
	"ambientocclusion": false,
	"textures": {
		"bottom": "blocks/dirt",
		"top": "blocks/grass/top_0",
		"side": "blocks/grass/side_0",
		"overlay": "blocks/grass/side_overlay_0",
		"grass": "blocks/tallgrass/2",
		"particle": "blocks/dirt"
	},
	"elements": [ 
	{
		"type":"cube", //Block
		"from": [0,0,0],
		"to": [16,16,16],
		"rotation": {"origin": [ 8, 1, 8 ], "axis": "y", "angle": 0 },
		"shade": true,
		"faces": {
			"down":{"uv":[0,0,16,16],"texture":"#bottom","cullface":down},
			"up":{"uv":[0,0,16,16],"texture":"#top","cullface":up,"tintindex":0},
			"north":{"uv":[0,0,16,16],"texture":"#side","cullface":north},
			"south":{"uv":[0,0,16,16],"texture":"#side","cullface":south},
			"west":{"uv":[0,0,16,16],"texture":"#side","cullface":west},
			"east":{"uv":[0,0,16,16],"texture":"#side","cullface":east}
		}
	},
	{
		"type":"cube", //Grass top
		"from": [8,16,16],
		"to": [8,32,0],
		"rotation": {"origin": [ 8, 1, 8 ], "axis": "y", "angle": 45, "rescale": true },
		"shade": false,
		"faces": {
			"north":{"uv":[0,0,16,16],"texture":"#grass","cullface":up,"rotation":0, "tintindex": 1},
			"south":{"uv":[0,0,16,16],"texture":"#grass","cullface":up, "tintindex": 1},
			"west":{"uv":[0,0,16,16],"texture":"#grass","cullface":up,"rotation":0, "tintindex": 1},
			"east":{"uv":[0,0,16,16],"texture":"#grass","cullface":up,"rotation":0, "tintindex": 1}
		}
	},
	{
		"type":"cube", //Grass top
		"from": [8,16,16],
		"to": [8,32,0],
		"rotation": {"origin": [ 8, 1, 8 ], "axis": "y", "angle": -45, "rescale": true },
		"shade": false,
		"faces": {
			"north":{"uv":[0,0,16,16],"texture":"#grass","cullface":up,"rotation":0, "tintindex": 1},
			"south":{"uv":[0,0,16,16],"texture":"#grass","cullface":up, "tintindex": 1},
			"west":{"uv":[0,0,16,16],"texture":"#grass","cullface":up,"rotation":0, "tintindex": 1},
			"east":{"uv":[0,0,16,16],"texture":"#grass","cullface":up,"rotation":0, "tintindex": 1}
		}
	},
	{
		"type":"cube", //Overlay
		"from": [0,0,0],
		"to": [16,16,16],
		"rotation": {"origin": [ 8, 1, 8 ], "axis": "y", "angle": 0 },
		"shade": true,
		"faces": {
			"north":{"uv":[0,0,16,16],"texture":"#overlay","tintindex":0,"cullface":north},
			"south":{"uv":[0,0,16,16],"texture":"#overlay","tintindex":0,"cullface":south},
			"west":{"uv":[0,0,16,16],"texture":"#overlay","tintindex":0,"cullface":west},
			"east":{"uv":[0,0,16,16],"texture":"#overlay","tintindex":0,"cullface":east}
    }
	}
],
"display": {
	"thirdperson": {
		"rotation": [ 0, 45, 1 ],
		"translation": [ 0, 0.5, 0 ],
		"scale": [ 1.1, 1.1, 1.1 ]
	},
	"firstperson": {
		"rotation": [ 0, 0, 0 ],
		"translation": [ 0, 0, 0 ],
		"scale": [ 1, 1, 1 ]
	},
	"gui": {
		"rotation": [ 0, 0, 0 ],
		"translation": [ 0, 0, 0 ],
		"scale": [ 1, 1, 1 ]
	}
}
}
