{
    "__comment": "TheVoid1313's AD Reforged - by kyctarniq",
	"ambientocclusion": true,
	"textures": {
		"bottom": "blocks/dirt",
		"top": "blocks/grass/top_rock",
		"side": "blocks/grass/side_0",
		"overlay": "blocks/grass/side_overlay_0",
		"pebble": "blocks/stone",
		"particle": "blocks/dirt"
	},
	"elements": [ 
	{
		"type":"cube", //Block
		"from": [0,0,0],
		"to": [16,16,16],
		"faces": {
			"down":{"uv":[0,0,16,16],"texture":"#bottom","cullface":down},
			"up":{"uv":[0,0,16,16],"texture":"#top","cullface":up,"tintindex":0},
			"north":{"uv":[0,0,16,16],"texture":"#side","cullface":north},
			"south":{"uv":[0,0,16,16],"texture":"#side","cullface":south},
			"west":{"uv":[0,0,16,16],"texture":"#side","cullface":west},
			"east":{"uv":[0,0,16,16],"texture":"#side","cullface":east}
		}
	},
	{
		"type":"cube", //Pebble 2
		"from": [4,16,3],
		"to": [14,20,11],
		"rotation": {"origin": [ 8, 1, 8 ], "axis": "y", "angle": 0 },
		"shade": true,
		"faces": {
			"up":{"uv":[4,3,14,11],"texture":"#pebble","cullface":up},
			"north":{"uv":[4,0,14,4],"texture":"#pebble","cullface":up},
			"south":{"uv":[4,0,14,4],"texture":"#pebble","cullface":up},
			"west":{"uv":[3,0,11,4],"texture":"#pebble","cullface":up},
			"east":{"uv":[3,0,11,4],"texture":"#pebble","cullface":up}
		}
	},
	{
		"type":"cube", //Overlay
		"from": [0,0,0],
		"to": [16,16,16],
		"rotation": {"origin": [ 8, 1, 8 ], "axis": "y", "angle": 0 },
		"shade": true,
		"faces": {
			"north":{"uv":[0,0,16,16],"texture":"#overlay","tintindex":0,"cullface":north},
			"south":{"uv":[0,0,16,16],"texture":"#overlay","tintindex":0,"cullface":south},
			"west":{"uv":[0,0,16,16],"texture":"#overlay","tintindex":0,"cullface":west},
			"east":{"uv":[0,0,16,16],"texture":"#overlay","tintindex":0,"cullface":east}
    }
	}
],
"display": {
	"thirdperson": {
		"rotation": [ 0, 45, 1 ],
		"translation": [ 0, 0.5, 0 ],
		"scale": [ 1.1, 1.1, 1.1 ]
	},
	"firstperson": {
		"rotation": [ 0, 0, 0 ],
		"translation": [ 0, 0, 0 ],
		"scale": [ 1, 1, 1 ]
	},
	"gui": {
		"rotation": [ 0, 0, 0 ],
		"translation": [ 0, 0, 0 ],
		"scale": [ 1, 1, 1 ]
	}
}
}
