{
	"parent": "item/generated",
	"display": {
		"thirdperson_righthand": {
			"rotation": [ 0, -90, 55 ],
			"translation": [ 0, 4, 0.5 ],
			"scale": [ 0.85, 0.85, 0.85 ]
		},
		"thirdperson_lefthand": {
			"rotation": [ 0, 90, -55 ],
			"translation": [ 0, 4, 0.5 ],
			"scale": [ 0.85, 0.85, 0.85 ]
		},
		"firstperson_righthand": {
			"rotation": [ 50, -87, 85 ],
			"translation":  [ 1, 2, 0 ],
			"scale":  [ 1.1, 1.1, 1 ]
		},
		"firstperson_lefthand": {
			"rotation":  [ 50, 87, -85 ],
			"translation":  [ 1, 2, 0 ],
			"scale":  [ 1.1, 1.1, 1 ]
		}
	}
}